type,rollup,search_terms,effective_range,review,segment,param_keys,id,updatedOn,param_values,priority,name,redirect_url,filters_normalized,deployed,description,doc_type,attr_external_version_s_,createdOn,external_version_s,enabled,matching,display_type,banner_url,new_id,groups,filters,param_policies
banner,Banner,"Broadband commitment,Neutrality,Open Internet,Broadband policy",,approved,,,1d6b10f2-8034-4981-a726-cfb42a389e6f,2018-04-18T17:43:23.270Z,,1,Corporate Net Neutrality,,,FALSE,,rule,"15\,981\,067\,931\,127\,600\,000\,000\,000\,000\,000\,000\,000",2018-04-18T17:43:23.270Z,1.60E+18,TRUE,keywords,Banner,"<div class=""padding-top-small""> <div class=""bold"">BEST MATCH</div> <a class=""text-large text-hyperlink bold"" href=""http://www.verizon.com/home/searchtrk/?incid=srch_corp_net_neutrality&amp;RichTextMedia=yes&amp;dest=https%3A%2F%2Fwww.verizon.com%2Fabout%2Four-company%2Fverizon-broadband-commitment"" name=""&amp;lid=corp_net_neutrality&amp;lpos=promo"" tabindex=""0"">Verizon Broadband Commitment</a>  <div>Verizon supports the Open Internet\, and is committed to offering services that allow our customers to take full advantage of all of the lawful content and services that the Internet has to offer.</div> </div>",1d6b10f2-8034-4981-a726-cfb42a389e6f,rules-global,,
banner,Banner,"discount,employee discounts,Affinity Discount",,approved,,,022fd325-7ede-429f-9bdf-b81dadfe1ee5,2018-04-18T17:46:21.920Z,,1,Employee Discount,,,FALSE,,rule,"15\,981\,069\,803\,957\,700\,000\,000\,000\,000\,000\,000\,000",2018-04-18T17:45:19.100Z,1.60E+18,TRUE,keywords,Banner,"<div class=""padding-top-small""> <div class=""bold"">BEST MATCH</div> <a class=""text-large text-hyperlink bold"" href=""http://www.verizon.com/home/searchtrk/?incid=srch_employee_discount&amp;RichTextMedia=yes&amp;dest=http%3A%2F%2Fverizonconnections.vzcomportal.com"" tabindex=""0"">Verizon Connections - Fios Discount Program</a>  <div>Verizon Connections offers monthly discounts on Verizon services for employees of participating companies. Sign up now for Fios TV\, phone and Internet.</div> </div>",022fd325-7ede-429f-9bdf-b81dadfe1ee5,rules-global,,
banner,Banner,"google,google.com",,approved,Residential,,e1b4ed05-b884-4fcb-b538-045dd734d307,2018-04-18T22:11:38.040Z,,1,Residential Fios Google Plus,,,FALSE,Residential Fios Google Plus,rule,"15\,981\,236\,770\,685\,500\,000\,000\,000\,000\,000\,000\,000",2018-04-18T22:11:38.040Z,1.60E+18,TRUE,keywords,Banner,"<div class=""padding-top-small""> <div class=""bold"">BEST MATCH</div> <a class=""text-large text-hyperlink bold"" href=""http://www.verizon.com/home/searchtrk/?incid=srch_res_fios_googleplus&amp;RichTextMedia=yes&amp;dest=https%3A%2F%2Fplus.google.com%2F105239496200717206978%2Fposts"" name=""&amp;lid=res_fios_googleplus&amp;lpos=promo"" tabindex=""0"" target=""_blank"">Verizon Fios on Google+</a>  <div>Follow Verizon Fios on Google+.</div> </div>",e1b4ed05-b884-4fcb-b538-045dd734d307,rules-global,,
banner,Banner,"google,google.com",,approved,Residential,,e079e4df-05f2-47e1-b9c6-9b76a1012ca7,2018-04-18T22:11:44.020Z,,1,Residential Fios Google Plus,,,FALSE,Residential Fios Google Plus,rule,"15\,981\,236\,760\,063\,500\,000\,000\,000\,000\,000\,000\,000",2018-04-18T22:11:44.020Z,1.60E+18,TRUE,keywords,Banner,"<div class=""padding-top-small""> <div class=""bold"">BEST MATCH</div> <a class=""text-large text-hyperlink bold"" href=""http://www.verizon.com/home/searchtrk/?incid=srch_res_fios_googleplus&amp;RichTextMedia=yes&amp;dest=https%3A%2F%2Fplus.google.com%2F105239496200717206978%2Fposts"" name=""&amp;lid=res_fios_googleplus&amp;lpos=promo"" tabindex=""0"" target=""_blank"">Verizon Fios on Google+</a>  <div>Follow Verizon Fios on Google+.</div> </div>",e079e4df-05f2-47e1-b9c6-9b76a1012ca7,rules-global,,
banner,Banner,"deals,commercials,promotion,offers,bundles,sales,discount",,approved,,,96be592c-f93a-4408-85dd-6dfe3a04d560,2018-11-20T22:38:12.430Z,,1,Residential Special Offers,,,FALSE,,rule,,2018-04-19T19:02:58.180Z,,TRUE,keywords,Banner,"<div class=""padding-top-small""> <div class=""bold"">BEST MATCH</div> <a class=""text-large text-hyperlink bold"" href=""http://www.verizon.com/home/bundles/fios/?incid=srch_res_specialoffers_lrn&amp;RichTextMedia=yes"" tabindex=""0"">Special Offers for You</a>  <div>Check out our best deals online or build your own bundle.</div> </div>",,rules-global,,
banner,Banner,"speedtest,speed test,speed-test",,approved,Residential,,88062ff1-9fea-4cce-a580-aa1727b5b3e2,2018-04-19T19:03:57.660Z,,1,Residential Speed Test,,,FALSE,Residential Speed Test,rule,"15\,982\,024\,601\,706\,100\,000\,000\,000\,000\,000\,000\,000",2018-04-19T19:03:44.430Z,1.60E+18,TRUE,text,Banner,"<div class=""padding-top-small""> <div class=""bold"">BEST MATCH</div> <a class=""text-large text-hyperlink bold"" href=""https://www.verizon.com/speedtest/?incid=srch_res_speedtest"" tabindex=""0"">Check Your Speed</a>  <div>Are you getting upload speeds as fast as your download speeds? Find out your current upload and download speeds.</div> </div>",88062ff1-9fea-4cce-a580-aa1727b5b3e2,rules-global,,
banner,Banner,"webmail,check email,email",,approved,Residential,,1f599e3c-abc7-4adb-8f40-84da8ed24d73,2018-04-18T22:08:32.200Z,,1,Residential Check Email,,,FALSE,Residential Check Email,rule,"15\,981\,234\,749\,114\,900\,000\,000\,000\,000\,000\,000\,000",2018-04-18T22:08:32.200Z,1.60E+18,TRUE,keywords,Banner,"<div class=""padding-top-small""> <div class=""bold"">BEST MATCH</div> <a class=""text-large text-hyperlink bold"" href=""https://www.verizon.com/support/residential/email?incid=srch_email&amp;RichTextMedia=yes"" name=""&amp;lid=email&amp;lpos=promo&amp;RichTextMedia=yes"" tabindex=""0"">Check Email</a>  <div>Verizon has retired our email service. Access your AOL or Yahoo email\, or learn more here.</div> </div>",1f599e3c-abc7-4adb-8f40-84da8ed24d73,rules-global,,
banner,Banner,"chat,live chat,complaint,phone number,call support,support,call verizon,customer service",,approved,Residential,,f227f1d5-d339-4828-b478-d7aa75285b59,2018-04-19T20:10:38.400Z,,1,Residential Support Contact,,,FALSE,Residential Support Contact,rule,"15\,982\,066\,546\,707\,000\,000\,000\,000\,000\,000\,000\,000",2018-04-19T19:10:48Z,1.60E+18,TRUE,keywords,Banner,"<div class=""padding-top-small""> <div class=""bold"">BEST MATCH</div> <a class=""text-large text-hyperlink bold"" href=""https://www.verizon.com/support/residential/contact-us/homepage.htm?incid=srch_res_support_contact&amp;RichTextMedia=yes"" tabindex=""0"">Contact Us</a>  <div>Contact Verizon Support via live chat or by phone for customer service\, technical support and billing issues.</div> </div>",f227f1d5-d339-4828-b478-d7aa75285b59,rules-global,,
banner,Banner,"change my services,change service,upgrade service,add service,edit services,I wan to change my service",,approved,Residential,,dd7e2dc5-93c9-44f6-9a18-4030e55c9e84,2018-04-19T20:07:47.910Z,,1,Residential URC,,,FALSE,Residential URC,rule,"15\,982\,064\,756\,661\,900\,000\,000\,000\,000\,000\,000\,000",2018-04-19T20:07:47.910Z,1.60E+18,TRUE,keywords,Banner,"<div class=""padding-top-small""> <div class=""bold"">BEST MATCH</div> <a class=""text-large text-hyperlink bold"" href=""http://www.verizon.com/home/searchtrk/? incid=srch_urc&amp;RichTextMedia=yes&amp;dest=https%3A%2F%2Fwww.verizon.com%2FFORYOURHOME%2FORDERING%2FMYVERIZONNEW%2FREGISTRATIONBRIDGE.ASPX%3FFlowRoute%3DURC_ACCOUNTREVIEW%26URCSOURCE%3DSEARCH"" tabindex=""0"">Upgrade &amp; Renewal Center</a>  <div>Add\, change\, upgrade or renew your existing Fios services.</div> </div>",dd7e2dc5-93c9-44f6-9a18-4030e55c9e84,rules-global,,
banner,Banner,"XXXXX,xxxxx",,approved,Residential,,71210b4d-ece0-4080-8ba9-fa0c21405277,2018-04-19T20:20:11.550Z,,1,Residential ZIP Code Searches,,,FALSE,Residential ZIP Code Searches,rule,"15\,982\,072\,553\,883\,500\,000\,000\,000\,000\,000\,000\,000",2018-04-19T20:20:11.550Z,1.60E+18,TRUE,keywords,Banner,"<div class=""padding-top-small""> <div class=""bold"">BEST MATCH</div>  <div class=""row border-bottom border-grey-5-active large-padding-left-zero medium-padding-left-tiny small-padding-left-tiny tiny-padding-left-micro""> <div class=""column tiny-12 padding-top-small padding-bottom-tiny large-padding-left-zero medium-padding-left-tiny small-padding-left-tiny tiny-padding-left-tiny""> <div class=""text-xlarge text-grey-2 bold"">It appears you are searching for a ZIP code. Please choose from one of the following options that may be of assistance to you:</div> </div>  <div class=""column tiny-12 large-padding-left-zero medium-padding-left-tiny small-padding-left-tiny tiny-padding-left-tiny""> <ul class=""tiny-block-grid-4 small-block-grid-4 medium-block-grid-5 large-block-grid-5 margin-vert-zero"">         <li class=""padding-left-zero padding-bottom-micro""><a class=""button cta-text normal-weight text-normal"" href=""https://www.verizon.com/support/residential/service-outage?incid=srch_res_zipoption_outage&amp;RichTextMedia=yes"" name=""&amp;lid=res_nfloption_channellineup&amp;lpos=promo"" role=""button"" tabindex=""0"">Outage Information</a></li>   <li class=""padding-bottom-micro""><a class=""button cta-text normal-weight text-normal"" href=""https://www.verizon.com/info/channel-lineup/?incid=srch_res_zipoption_channellineup&amp;RichTextMedia=yes"" name=""&amp;lid=res_nfloption_sportspass&amp;lpos=promo"" role=""button"" tabindex=""0"">TV Guide\, Channel Lineup &amp; Listings</a></li>         <li class=""padding-bottom-micro""><a class=""button cta-text normal-weight text-normal"" href=""https://www.verizon.com/home/Fiosavailability//?incid=srch_res_zipoption_fiosavailability&amp;RichTextMedia=yes&amp;dest=https%3A%2F%2Fwww.verizonwireless.com%2Fnfl%2Fnfl-mobile%2F"" name=""&amp;lid=res_nfloption_nflmobile&amp;lpos=promo"" role=""button"" tabindex=""0"">Fios Availability</a></li>      <li class=""padding-bottom-micro""><a class=""button cta-text normal-weight text-normal"" href=""https://www.verizon.com/home/bundles/fios/?incid=srch_res_zipoption_deals&amp;RichTextMedia=yes"" name=""&amp;lid=res_nfloption_blackouts&amp;lpos=promo"" role=""button"" tabindex=""0"">Local Deals</a></li> </ul> </div> </div> </div>",71210b4d-ece0-4080-8ba9-fa0c21405277,rules-global,,
banner,Banner,"set up parental pin,sleep timer,welcome screen",,approved,Residential,,bb46e13d-4930-4abe-83d8-9e5c0d8ab9d8,2018-04-19T19:30:56.710Z,,1,Residential Support Fix TV Guide Issues,,,FALSE,Residential Support Fix TV Guide Issues,rule,"15\,982\,041\,579\,105\,800\,000\,000\,000\,000\,000\,000\,000",2018-04-19T19:30:56.710Z,1.60E+18,TRUE,keywords,Banner,"<div class=""padding-top-small""> <div class=""bold"">BEST MATCH</div> <a class=""text-large text-hyperlink bold"" href=""https://www.verizon.com/ForYourHome/VZRepair/vziha/Servicecad.aspx?ihaweb=FIX_IMG&amp;incid=srch_res_support_fix_tv_guide&amp;RichTextMedia=yes"" tabindex=""0"">Fix TV Guide Problems - Fios TV Customer Service</a>  <div>Fix TV Guide problems and update settings with the Verizon Troubleshooter.</div> </div>",bb46e13d-4930-4abe-83d8-9e5c0d8ab9d8,rules-global,,
banner,Banner,"view my bill,view bill",,approved,Residential,,03c87862-daba-4d25-9364-f2bc9fa2aa95,2018-04-19T20:08:20.670Z,,1,Residential View Bill,,,FALSE,Residential View Bill,rule,"15\,982\,065\,116\,533\,200\,000\,000\,000\,000\,000\,000\,000",2018-04-19T20:08:20.670Z,1.60E+18,TRUE,keywords,Banner,"<div class=""padding-top-small""> <div class=""bold"">BEST MATCH</div> <a class=""text-large text-hyperlink bold"" href=""https://www.verizon.com/home/myverizon/?session=n&amp;goto=https://www.verizon.com:443/ForYourHome/BillView/MyBill.aspx%3Fincid%3Dsrch_viewbill%26RichTextMedia%3Dyes"" tabindex=""0"">View Online Bill Now</a>  <div>Log in to View your bill</div> </div>",03c87862-daba-4d25-9364-f2bc9fa2aa95,rules-global,,
banner,Banner,outage,,approved,,,5d2b6eb8-5b13-4190-8a18-cd5e957773c5,2018-05-07T17:51:21.790Z,,1,personalization-ann-outage,,,FALSE,personalization-ann-outage,rule,"15\,998\,286\,375\,545\,700\,000\,000\,000\,000\,000\,000\,000",2018-05-03T15:59:37.830Z,1.60E+18,TRUE,text,Banner,personalization-ann-outage,5d2b6eb8-5b13-4190-8a18-cd5e957773c5,rules-global,,
banner,Banner,"move,moving,relocate,transfer",,approved,,,2846c72c-73e0-4458-9fe6-a14bc8619b0d,2018-05-08T16:21:52.390Z,,1,personalization-ann-moving,,,FALSE,personalization-ann-moving,rule,"15\,999\,136\,039\,761\,300\,000\,000\,000\,000\,000\,000\,000",2018-05-07T15:32:05.820Z,1.60E+18,TRUE,text,Banner,personalization-ann-moving,2846c72c-73e0-4458-9fe6-a14bc8619b0d,rules-global,,
banner,Banner,"channel lineup,line-up,tv guide,lineup",,approved,Residential,,ae043abd-0fbe-41b1-bcbc-cf8d387f1590,2018-04-18T22:19:40.650Z,,1,Residential Fios TV Channel Lineup - Shop,,,FALSE,Residential Fios TV Channel Lineup - Shop,rule,"15\,981\,241\,772\,802\,000\,000\,000\,000\,000\,000\,000\,000",2018-04-18T22:18:33.080Z,1.60E+18,TRUE,keywords,Banner,"<div class=""padding-top-small""> <div class=""bold"">BEST MATCH</div> <a class=""text-large text-hyperlink bold"" href=""https://www.verizon.com/info/channel-lineup/?incid=srch_res_fiostv_channellineup&amp;RichTextMedia=yes"" name=""&amp;lid=res_fiostv_channellineup&amp;lpos=promo"" tabindex=""0"">Verizon Fios TV Channel Guide</a>  <div>Looking for your local channels? Use the Fios channel lineup tool.</div> </div>",ae043abd-0fbe-41b1-bcbc-cf8d387f1590,rules-global,,
set_params,Set Params,"quarterly,q1,q2,q3,q4,Q1,Q2,Q3,Q4",,approved,,"bq,sort",9c455594-08d8-4d57-9adb-8a3c1388e042,2019-05-20T22:19:57.520Z,"category_s:Corporate,date_dt desc",1,Corporate - Keywords,,,FALSE,,rule,,2018-06-06T02:49:17.380Z,,TRUE,text,Set Params,,,rules-global,,"replace,replace"
banner,Banner,"calling card,international call,wallet guide,calling card,country code,international dialing,international calling,international calling codes",,approved,Residential,,f109d7bb-977b-49d5-8f9e-05837e2f9292,2018-04-18T22:28:34.590Z,,1,Residential International Calling,,,FALSE,Residential International Calling,rule,"15\,981\,247\,362\,194\,400\,000\,000\,000\,000\,000\,000\,000",2018-04-18T22:26:39.010Z,1.60E+18,TRUE,keywords,Banner,"<div class=""padding-top-small""><div class=""bold"">BEST MATCH</div><a class=""text-large text-hyperlink bold"" href=""https://www.verizon.com/support/residential/homephone/getting-started/local-international-calling?incid=srch_esp_intl_cds_strt&amp;RichTextMedia=yes"" name=""&amp;lid=esp_intl_cds_strt&amp;lpos=promo"" tabindex=""0"">Local and International Calling</a><div>Calling across the Globe starts with the right country code. Find it here! Get Started.</div></div>",f109d7bb-977b-49d5-8f9e-05837e2f9292,rules-global,,
banner,Banner,"bill,billing,autopay,billpay,paybill",,approved,,,bf19352d-18a5-45c1-86c3-90a4cc593456,2018-11-20T07:26:28.880Z,,1,personalization-billing-paybill,,,FALSE,personalization-billing-paybill,rule,,2018-05-03T15:57:39.680Z,,TRUE,text,Banner,personalization-billing-paybill,,rules-global,,
banner,Banner,"deals,discount,discounts,black friday,flash sale,cyber monday,holiday offer",,approved,,,8177eafa-4160-43dd-ab55-8942e7737ad0,2018-11-27T03:24:50.380Z,,1,personalization-ann-flashsales,,,FALSE,personalization-ann-flashsales,rule,,2018-09-10T15:32:05.820Z,,FALSE,keywords,Banner,personalization-ann-flashsales,,rules-global,,
banner,Banner,"annoying,block,nomorobo,robo",,approved,,,1a8dd769-653b-499a-a697-a01c32d9f7c9,2019-03-14T03:29:12.170Z,,1,personalization-ann-callblock,,,FALSE,personalization-ann-callblock,rule,,2018-08-20T15:32:05.820Z,,TRUE,text,Banner,personalization-ann-callblock,,rules-global,,
banner,Banner,"anti virus,internet parental control,privacy protection,firewall,anti-spyware,VISS< antivirus,verizon internet security,virus protection,pop-up blocker,security,ad block,security suite",,approved,Residential,,7a069f10-e43f-45a8-8004-23f5757485db,2018-04-19T18:39:09.870Z,,1,Residential Internet Essentials,,,FALSE,Residential Internet Essentials,rule,"15\,982\,009\,112\,015\,600\,000\,000\,000\,000\,000\,000\,000",2018-04-19T18:39:09.870Z,1.60E+18,TRUE,keywords,Banner,"<div class=""padding-top-small""> <div class=""bold"">BEST MATCH</div> <a class=""text-large text-hyperlink bold"" href=""http://www.verizon.com/home/utilities/security/?incid=srch_res_intrnt_ess_lrn&amp;RichTextMedia=yes"" name=""&amp;lid=res_intrnt_ess_lrn&amp;lpos=promo"" tabindex=""0"">Internet Security\, Protection and Support Plans</a>  <div>Check out Verizon&#39;s comprehensive Internet Essentials plans for trusted and reliable internet security\, device protection and premium technical support today!</div> </div>",7a069f10-e43f-45a8-8004-23f5757485db,rules-global,,
banner,Banner,"box,stb,settop,settopbox",,approved,,,c5da591c-cb9d-43b3-9ee7-c3cde3e93980,2019-03-14T03:38:37.100Z,,1,personalization-ann-stb,,,FALSE,personalization-ann-stb,rule,,2018-09-10T15:32:05.820Z,,TRUE,text,Banner,personalization-ann-stb,,rules-global,,
banner,Banner,"viss,verizon internet security suite",,approved,,,dc399fcc-7561-4196-8804-b1e7e1e29ce2,2019-03-14T03:40:23.820Z,,1,personalization-ann-viss,,,FALSE,personalization-ann-viss,rule,,2018-08-20T15:32:05.820Z,,TRUE,keywords,Banner,personalization-ann-viss,,rules-global,,
banner,Banner,"moving,move,relocation,close my account,relocate,transfer,close account",,approved,Residential,,81e62602-d3dc-47d6-ae43-607567fd2eb9,2018-04-19T18:40:19.520Z,,1,Residential Moving,,,FALSE,,rule,"15\,982\,009\,727\,089\,300\,000\,000\,000\,000\,000\,000\,000",2018-04-19T18:40:19.520Z,1.60E+18,TRUE,keywords,Banner,"<div class=""padding-top-small""> <div class=""bold"">BEST MATCH</div> <a class=""text-large text-hyperlink bold"" href=""http://www.verizon.com/home/shop/moving.htm?incid=srch_res_move_cnnct_lrn&amp;RichTextMedia=yes"" name=""&amp;lid=res_move_cnnct&amp;lpos=promo"" tabindex=""0"">Moving? Let us do the heavy lifting</a>  <div>We&#39;ll connect you before you unpack. Phone + Internet + TV.</div> </div>",81e62602-d3dc-47d6-ae43-607567fd2eb9,rules-global,,
banner,Banner,"account,registration",,approved,,,7d7f5a86-6524-491b-81f9-42a68a12396d,2018-12-05T06:04:14.310Z,,1,personalization-ann-acctnumber,,,FALSE,personalization-ann-acctnumber,rule,,2018-09-10T15:32:05.820Z,,FALSE,text,Banner,personalization-ann-acctnumber,,rules-global,,
banner,Banner,"dial tone,dial-tone,dialtone",,approved,Residential,,fcc58031-932b-4191-80f7-0e73b160d763,2018-04-19T18:47:51.430Z,,1,Residential No Dial Tone,,,FALSE,Residential No Dial Tone,rule,"15\,982\,014\,476\,530\,400\,000\,000\,000\,000\,000\,000\,000",2018-04-19T18:47:51.430Z,1.60E+18,TRUE,keywords,Banner,"<div class=""padding-top-small""> <div class=""bold"">BEST MATCH</div> <a class=""text-large text-hyperlink bold"" href=""https://www.verizon.com/ForYourHome/VZRepair/vziha/Servicecad.aspx?ihaweb=FIX_NDT&amp;incid=srch_res_nodialtone&amp;RichTextMedia=yes"" tabindex=""0"">Need help with dial tone issues?</a>  <div>Use the Verizon troubleshooter to guide you through the steps to resolve the dial tone issues.</div> </div>",fcc58031-932b-4191-80f7-0e73b160d763,rules-global,,
banner,Banner,"ccon,cant connect to internet,cannot connect to internet,can't ,connect to internet,internet not working,internet issues,internet problems,internet connection issue,no internet,internet down,internet issue,connection issue",,approved,Residential,,13c16117-f034-4e22-b874-586e8670b9a2,2018-05-22T22:47:28.050Z,,1,Residential No Internet,,,FALSE,Residential No Internet,rule,"16\,012\,062\,213\,464\,300\,000\,000\,000\,000\,000\,000\,000",2018-04-19T18:49:27.510Z,1.60E+18,TRUE,keywords,Banner,"<div class=""padding-top-small""> <div class=""bold"">BEST MATCH</div> <a class=""text-large text-hyperlink bold"" href=""https://www.verizon.com/ForYourHome/VZRepair/vziha/Servicecad.aspx?ihaweb=FIX_CCON&amp;incid=srch_res_nointernet&amp;RichTextMedia=yes"" tabindex=""0"">Having trouble with your Fios Internet connection?</a>  <div>Use the Verizon troubleshooter to guide you through the steps to resolve the Fios internet issues.</div> </div>",13c16117-f034-4e22-b874-586e8670b9a2,rules-global,,
banner,Banner,"wrestlemania,wwe,wrestling",,approved,,,be2100f7-d83f-47f6-ac66-d0f746daba38,2019-04-04T03:42:31.570Z,,1,personalization-ann-wwe,,,FALSE,personalization-ann-wwe,rule,,2019-04-04T03:42:31.570Z,,TRUE,text,Banner,personalization-ann-wwe,,rules-global,,
banner,Banner,"ticket,pending,status,reschedule,installation,track,appointment,install,repair,order",,approved,,,cb0435a6-05a5-41e7-9b41-697d23c822ae,2019-03-14T03:33:44.510Z,,1,personalization-ann-orderstatus,,,FALSE,personalization-ann-orderstatus,rule,,2018-12-19T14:25:16.490Z,,TRUE,text,Banner,personalization-ann-orderstatus,,rules-global,,
banner,Banner,"ppv,ufc,per,perview,per-view",,approved,,,7c042050-43d5-4ec6-9c56-0127672ceecd,2019-03-14T03:34:57.780Z,,1,personalization-ann-ppv,,,FALSE,personalization-ann-ppv,rule,,2018-09-10T15:32:05.820Z,,TRUE,text,Banner,personalization-ann-ppv,,rules-global,,
banner,Banner,"welterweight,wbo,Khan,Crawford,boxing",,approved,,,3110b501-d1a8-40ac-a148-a1dcdd63352a,2019-04-04T03:43:12.810Z,,1,personalization-ann-wbo,,,FALSE,personalization-ann-wbo,rule,,2019-04-04T03:43:12.810Z,,TRUE,text,Banner,personalization-ann-wbo,,rules-global,,
banner,Banner,"nba,basketball",,approved,,,ec2ff869-e860-43ee-80fb-271cd0bc7458,2019-03-14T03:31:02.960Z,,1,personalization-ann-nba,,,FALSE,personalization-ann-nba,rule,,2019-03-08T05:15:18.680Z,,TRUE,text,Banner,personalization-ann-nba,,rules-global,,
banner,Banner,"watch,iwatch",,approved,,,2f9148e8-7311-4b4f-801d-9b921b68ccae,2019-09-19T09:18:57.550Z,,1,Wireless - Apple Watch,,,FALSE,,rule,,2019-09-11T17:23:16.810Z,,FALSE,text,Banner,"<div class=""padding-top-small""> <div class=""bold"">BEST MATCH</div> <a class=""text-large text-hyperlink bold"" href=""https://vzwonesearch-pr-east-yz.vpc.verizon.com/onesearch/search?q=apple+watch"" name=""&amp;lid=res_iphone&amp;lpos=promo"" tabindex=""0"" target=""_blank"">New Apple Watch Series 5</a> <div> Preorder the New Apple Watch Series 5</div> </div>",,rules-global,,
banner,Banner,"ipad,tablet",,approved,,,4cc08a2c-9af4-47e3-a0a7-d6a33e013968,2019-09-19T09:19:02.670Z,,1,Wireless - iPad,,,FALSE,,rule,,2019-09-11T17:24:23.600Z,,FALSE,text,Banner,"<div class=""padding-top-small""> <div class=""bold"">BEST MATCH</div> <a class=""text-large text-hyperlink bold"" href=""https://vzwonesearch-pr-east-yz.vpc.verizon.com/onesearch/search?q=apple+watch"" name=""&amp;lid=res_iphone&amp;lpos=promo"" tabindex=""0"" target=""_blank"">New iPad 10.2</a> <div>Preorder the New iPad 10.2</div> </div>",,rules-global,,
banner,Banner,"HBO,hbo go,cancel hbo,hbogo,remove hbo,how do I remove hbo from my account?,add hbo",,approved,,,6fdebb96-1236-48e7-b220-9ce363610483,2018-12-31T16:41:02.840Z,,1,personalization-ann-hboholiday,,,FALSE,personalization-ann-hboholiday,rule,,2018-12-05T06:03:02.790Z,,FALSE,keywords,Banner,personalization-ann-hboholiday,,rules-global,,
banner,Banner,"cbs,bowl,superbowl,patriots,england ,rams,angeles",[2019-01-31T00:00:00Z TO 2019-02-08T00:00:00Z],approved,,,9f177580-1001-42f2-bc94-ef0e577c50d2,2019-02-04T20:36:01.910Z,,1,personalization-ann-superbowl,,,FALSE,personalization-ann-superbowl,rule,,2019-01-31T16:18:41.730Z,,FALSE,text,Banner,personalization-ann-superbowl,,rules-global,,
banner,Banner,netflix,,approved,,,09888ab8-48fe-4765-8992-cb3f9be25fcb,2019-03-14T03:31:27.050Z,,1,personalization-ann-netflix,,,FALSE,personalization-ann-netflix,rule,,2019-03-08T05:16:01.870Z,,TRUE,text,Banner,personalization-ann-netflix,,rules-global,,
banner,Banner,"rewards,points,reward",,approved,,,f37da271-8ace-4cea-92ca-1a42a7825d53,2019-05-02T17:59:45.830Z,,1,personalization-ann-rewardsplus,,,FALSE,personalization-ann-rewardsplus,rule,,2019-05-02T17:59:45.830Z,,TRUE,text,Banner,personalization-ann-rewardsplus,,rules-global,,
banner,Banner,,[2018-03-01T00:00:00Z TO 2022-05-30T00:00:00Z],approved,,,514be339-6ac9-406c-8093-15eb8aa28fbc,2018-05-18T20:38:16.720Z,,1,Quicklinks,,,FALSE,Quicklinks for VCM,rule,"16\,008\,357\,063\,625\,200\,000\,000\,000\,000\,000\,000\,000",2018-03-21T21:03:19.290Z,1.60E+18,TRUE,keywords,Banner,"<div class=""search-complete"" id=""auto_suggestdiv"" style=""background-color: rgb(255\, 255\, 255); border-color: rgb(204\, 204\, 204); border-width: 1px; border-style: solid; display: none;"">                                                        <ul id=""quickLinksId"" class=""search-top-results padding-bottom-zero border-bottom-none padding-vert-zero margin-vert-tiny"">                                                                 <li class=""text-grey-4 padding-left-tiny"">Quick Links</li>                                                            <div class=""dimResult"">                                                                       <div class=""link"">                                                                            <li class=""text-large pointer padding-left-tiny"">                                                                                     <a title="""" class=""info_link"" style=""color:#333; display:block;"" href=""https://www.verizon.com/support/residential/email"">Email Retirement</a>                                                                          </li>                                                                   </div>                                                          </div>                                                          <div class=""dimResult"">                                                                       <div class=""link"">                                                                            <li class=""text-large pointer padding-left-tiny"">                                                                                     <a title="""" class=""info_link"" style=""color:#333; display:block;"" href=""https://www.verizon.com/support/residential/email"">Check Email</a>                                                                               </li>                                                                   </div>                                                          </div>                                                          <div class=""dimResult"">                                                                       <div class=""link"">                                                                            <li class=""text-large pointer padding-left-tiny"">                                                                                     <a title="""" class=""info_link"" style=""color:#333; display:block;"" href=""https://www.verizon.com/ForYourHome/VZRepair/vziha/Servicecad.aspx?ihaweb=FIX_SETUPWIFI"">Change Wifi/Router Password</a>                                                                                 </li>                                                                   </div>                                                          </div>                                                          <div class=""dimResult"">                                                                       <div class=""link"">                                                                            <li class=""text-large pointer padding-left-tiny"">                                                                                     <a title="""" class=""info_link"" style=""color:#333; display:block;"" href=""https://www.verizon.com/home/shop/moving.htm"">Moving?</a>                                                                                </li>                                                                   </div>                                                          </div>                                                          <div class=""dimResult"">                                                                       <div class=""link"">                                                                            <li class=""text-large pointer padding-left-tiny"">                                                                                     <a title="""" class=""info_link"" style=""color:#333; display:block;"" href=""https://www.verizon.com/foryourhome/MyAccount/ngen/upr/signin.aspx?session=n&amp;goto=https://www22.verizon.com:443/ForYourHome/ebillpay/code/Payments_New.aspx"">Pay My Bill</a>                                                                                 </li>                                                                   </div>                                                          </div>                                                          <div class=""dimResult"">                                                                       <div class=""link"">                                                                            <li class=""text-large pointer padding-left-tiny"">                                                                                     <a title="""" class=""info_link"" style=""color:#333; display:block;"" href=""https://www.verizon.com/support/consumer/equipmentreturn"">Return Equipment</a>                                                                           </li>                                                                   </div>                                                          </div>                                                          <div class=""dimResult"">                                                                       <div class=""link"">                                                                            <li class=""text-large pointer padding-left-tiny"">                                                                                     <a target=""_blank"" title="""" class=""info_link"" style=""color:#333; display:block;"" href=""https://www.verizonwireless.com"" onclick=""window.open(this.href\,"" _blank"")""="""">Cell Phones and Wireless Calling Plans</a>                                                                               </li>                                                                   </div>                                                          </div>                                                  </ul>                                                   <style>                                                                 .search-top-results .dimResult .link span{color: #cd040b !important;} .search-top-results .dimResult a {color: #0066cc !important;} .search-link {color: #0066cc !important;}#auto_suggestdiv {background: #fff}#auto_suggestdiv #quickLinksId {list-style: none; padding: 0 0.875rem; line-height: 1.75rem; margin-bottom: 1.5rem;}#auto_suggestdiv .search-top-results .text-grey-4 {font-weight: bold; color: #333 !important; margin-left: 0 !important; line-height: 1.5rem;}#auto_suggestdiv .search-top-results .dimResult a{color: #0066cc !important; padding: 1px 0px; clear: both; font-size: 13px !important;}                                                      </style>                                                </div>",514be339-6ac9-406c-8093-15eb8aa28fbc,rules-global,,
banner,Banner,"internet package,bundles,fios,bundle,packages,plans",,approved,,,13913942-c4f8-4513-9e45-8afe902a7144,2018-06-07T14:41:08.350Z,,1,Residential Bundles,,category_s:Residential,FALSE,,rule,"16\,026\,251\,889\,475\,500\,000\,000\,000\,000\,000\,000\,000",2018-04-18T22:04:35.990Z,1.60E+18,TRUE,keywords,Banner,"<div class=""padding-top-small""> <div class=""bold"">BEST MATCH</div> <a class=""text-large text-hyperlink bold"" href=""http://www.verizon.com/home/bundles/fios/?incid=srch_bundles&amp;RichTextMedia=yes"" name=""&amp;lid=res_bundles&amp;lpos=promo"" tabindex=""0"">Bundles</a>  <div>Combine services and save!</div> </div>",13913942-c4f8-4513-9e45-8afe902a7144,rules-global,"category_s:(""Residential"")",
banner,Banner,"cancelling,cancellation,close account,cancel,cancel service",,approved,Residential,,febf7d3b-ece0-47c3-bc48-5206307f16a8,2018-04-18T22:07:03.770Z,,1,Residential Cancel-Suspend Service,,,FALSE,Residential Cancel-Suspend Service,rule,"15\,981\,233\,829\,555\,700\,000\,000\,000\,000\,000\,000\,000",2018-04-18T22:07:03.770Z,1.60E+18,TRUE,keywords,Banner,"<div class=""padding-top-small""> <div class=""bold"">BEST MATCH</div> <a class=""text-large text-hyperlink bold"" href=""https://www.verizon.com/home/cancel-fios.html?incid=srch_res_cancelfios&amp;RichTextMedia=yes"" name=""&amp;lid=res_cancelfios&amp;lpos=promo"" tabindex=""0"">Looking to cancel your Fios service?</a>  <div>Our goal is to make sure you receive the best service\, the best products and best value we can provide. We never want to see you go and would love the chance to convince you to stay.</div> </div>",febf7d3b-ece0-47c3-bc48-5206307f16a8,rules-global,,
banner,Banner,"paper less,paperless,paper free,paper free,save a tree,environment,go green,save trees",,approved,Residential,,4b8be21d-2b1c-4800-98db-faf479d213c8,2018-04-19T18:52:07.840Z,,1,Residential Paper Free Billing,,,FALSE,Residential Paper Free Billing,rule,"15\,982\,017\,154\,027\,300\,000\,000\,000\,000\,000\,000\,000",2018-04-19T18:52:07.840Z,1.60E+18,TRUE,keywords,Banner,"<div class=""padding-top-small""> <div class=""bold"">BEST MATCH</div> <a class=""text-large text-hyperlink bold"" href=""https://www.verizon.com/foryourhome/billview/pages/Paperfree.aspx?incid=srch_myvz_join_pfb_lrn&amp;RichTextMedia=yes"" tabindex=""0"">Paper Free Billing</a>  <div>Join the Network Effect. Go Paper Free. Help the environment with an easier\, faster\, more convenient way to pay.</div> </div>",4b8be21d-2b1c-4800-98db-faf479d213c8,rules-global,,
banner,Banner,"pay bill,pay my bill,online payment,bill,billing,payments,bills,payment,online pay,online payment",,approved,Residential,,a7b46430-e6b3-4feb-b93b-71521f8e2192,2018-04-19T20:16:34.540Z,,1,Residential Pay Bill,,,FALSE,Residential Pay Bill,rule,"15\,982\,070\,377\,008\,300\,000\,000\,000\,000\,000\,000\,000",2018-04-19T18:53:30.790Z,1.60E+18,TRUE,keywords,Banner,"<div class=""padding-top-small""> <div class=""bold"">BEST MATCH</div> <a class=""text-large text-hyperlink bold"" href=""https://www.verizon.com/foryourhome/equickpay/myvzhome/express/"" tabindex=""0"">Pay Bill Now</a>  <div>Consumer account holders\, click to make a one-time payment.</div> </div>",a7b46430-e6b3-4feb-b93b-71521f8e2192,rules-global,,
banner,Banner,cancel payment,,approved,Residential,,ee25f660-09f0-416f-bee9-fbb276ac9aff,2018-04-19T20:12:07.140Z,,1,Residential Payment Cancel,,,FALSE,Residential Payment Cancel,rule,"15\,982\,067\,500\,848\,200\,000\,000\,000\,000\,000\,000\,000",2018-04-19T18:57:53.510Z,1.60E+18,TRUE,keywords,Banner,"<div class=""padding-top-small""> <div class=""bold"">BEST MATCH</div> <a class=""text-large text-hyperlink bold"" href=""https://www.verizon.com/foryourhome/ebillpay/billing/paymenthistory/?incid=srch_myvz_pmtcancel&amp;RichTextMedia=yes&amp;ref=search&amp;tsk=CNCLPMT"" name=""&amp;lid=myvz_pmtcancel&amp;lpos=promo"" tabindex=""0"">Cancel Payment via Payment History</a>  <div>To cancel a payment\, sign in and go to Payment History\, then select the payment you would like to cancel.</div> </div>",ee25f660-09f0-416f-bee9-fbb276ac9aff,rules-global,,
banner,Banner,"pay bill in person,payment center,payment location,pay in person,kiosk",,approved,Residential,,4cacff9c-a78d-45a1-9d68-5fb368caec00,2018-04-19T20:11:45.220Z,,1,Residential Payment Locations,,,FALSE,Residential Payment Locations,rule,"15\,982\,067\,262\,790\,000\,000\,000\,000\,000\,000\,000\,000",2018-04-19T18:59:16.300Z,1.60E+18,TRUE,keywords,Banner,"<div class=""padding-top-small""> <div class=""bold"">BEST MATCH</div> <a class=""text-large text-hyperlink bold"" href=""https://www.verizon.com/Support/Residential/PaymentLocations/Homepage.htm?incid=srch_res_paymentlocations&amp;RichTextMedia=yes"" tabindex=""0"">Payment Locations &ndash; Pay My Bill &ndash; Kiosks</a>  <div>Find a convenient place to pay your Verizon bill in person at one of our Authorized Payment Locations. Verizon also offers over 1\,600 payment kiosks for your convenience.</div> </div>",4cacff9c-a78d-45a1-9d68-5fb368caec00,rules-global,,
banner,Banner,"showtime,SHOWTIME,STARZ,starz,cinemax",,approved,Residential,,55548844-d747-40d5-9d25-85a71d5bd95a,2018-04-19T19:00:10.710Z,,1,Residential Premium Channels,,,FALSE,Residential Premium Channels,rule,"15\,982\,022\,228\,401\,100\,000\,000\,000\,000\,000\,000\,000",2018-04-19T19:00:10.710Z,1.60E+18,TRUE,text,Banner,"<div class=""padding-top-small""> <div class=""bold"">BEST MATCH</div> <a class=""text-large text-hyperlink bold"" href=""https://www.verizon.com/home/mlp/premium.html"" tabindex=""0"">Fios TV Premium Channels</a>  <div>Hottest premium channels\, including HBO\, SHOWTIME\, Cinemax\, STARZ and more</div> </div>",55548844-d747-40d5-9d25-85a71d5bd95a,rules-global,,
banner,Banner,"channels,channel lineup,channel,channel guide",,approved,,,560a395c-862e-4b3d-a8b1-46b3bc736fda,2018-12-19T14:20:44.670Z,,1,Residential Support Channel Guide,,,FALSE,Residential Support Channel Guide,rule,,2018-04-19T19:08:52.200Z,,TRUE,text,Banner,"<div class=""padding-top-small""> <div class=""bold"">BEST MATCH</div> <a class=""text-large text-hyperlink bold"" href=""https://www.verizon.com/ForYourHome/VZRepair/vziha/Servicecad.aspx?ihaweb=FIX_TVChannelGuide&amp;incid=srch_res_support_channelguide&amp;RichTextMedia=yes"" name=""&amp;lid=res_channelguide&amp;lpos=promo"" tabindex=""0"">View and Print Channel Lineup\, Add Premium Channels</a>  <div>View and print your Fios TV channel lineup and add premium channels with the Verizon Troubleshooter.</div> </div>",,rules-global,,
banner,Banner,"nba,sports,mlb,nfl,nhl,soccer",,approved,Residential,,99306905-8a96-469f-b3e1-cd7579cec77d,2018-04-19T19:04:44.520Z,,1,Residential Sports Packages,,,FALSE,Residential Sports Packages,rule,"15\,982\,025\,085\,298\,900\,000\,000\,000\,000\,000\,000\,000",2018-04-19T19:04:44.520Z,1.60E+18,TRUE,text,Banner,"<div class=""padding-top-small""> <div class=""bold"">BEST MATCH</div> <a class=""text-large text-hyperlink bold"" href=""http://www.verizon.com/home/fiostv/web/packages/?tab=sports&amp;incid=srch_res_sportspackages&amp;RichTextMedia=yes"" tabindex=""0"">Fios TV Central - Premium Channels - Sports</a>  <div>Customize your Fios TV plan by adding your favorite TV channels. Choose from a variety of packages bursting with entertainment--from HBO\, Cinemax\, NFL RedZone to Showtime\, Starz\, MLB &amp; more.</div> </div>",99306905-8a96-469f-b3e1-cd7579cec77d,rules-global,,
banner,Banner,account number,,approved,Residential,,00430440-668b-46be-88c2-0555fb93c865,2018-04-19T20:10:06.070Z,,1,Residential Support Find Account Number,,,FALSE,Residential Support Find Account Number,rule,"15\,982\,066\,204\,430\,800\,000\,000\,000\,000\,000\,000\,000",2018-04-19T19:27:39.570Z,1.60E+18,TRUE,keywords,Banner,"<div class=""padding-top-small""> <div class=""bold"">BEST MATCH</div> <a class=""text-large text-hyperlink bold"" href=""https://www.verizon.com/support/residential/phone/homephone/my+verizon/managing+your+account/general/96229.htm?incid=srch_res_support_accntnum"" name=""&amp;lid=res_support_accntnum&amp;lpos=promo&amp;RichTextMedia=yes"" tabindex=""0"">Locating Your Account Number</a>  <div>You can find your account number on your paper bill or by logging into your account online.</div> </div>",00430440-668b-46be-88c2-0555fb93c865,rules-global,,
banner,Banner,"iphone,i phone,iphonex,iphone7,iphone6,iphone x,iphone 7,iphone 6,iphone 11,iphone 11 pro,iphone 11 pro max",,approved,,,a09fd752-ac24-4be2-9152-641b39b8f8a7,2019-09-19T09:18:43.570Z,,1,Wireless iPhone,,,FALSE,Wireless iPhone,rule,,2018-04-19T20:22:53.020Z,,TRUE,keywords,Banner,"<div class=""padding-top-small""> <div class=""bold"">BEST MATCH</div> <a class=""text-large text-hyperlink bold"" href=""http://www.verizon.com/home/searchtrk/?incid=srch_vzw_iphone&amp;RichTextMedia=yes&amp;dest=https%3A%2F%2Fwww.verizonwireless.com%2Fwireless-devices%2Fsmartphones%2Fiphone%2F%23why-verizon"" tabindex=""0"" target=""_blank""><b>iPhone at Verizon</b></a>  <div>The iPhone Deserves the Best Network: Verizon Wireless</div> </div>",,rules-global,,
banner,Banner,"wifi password,wi-fi password,modem password,router password,gateway password",,approved,Residential,,fe0ecefd-3aba-4be8-bbbd-d931045957fb,2018-04-19T20:04:05.640Z,,1,Residential Support Wifi,,,FALSE,Residential Support Wifi,rule,"15\,982\,062\,430\,899\,400\,000\,000\,000\,000\,000\,000\,000",2018-04-19T20:04:05.640Z,1.60E+18,TRUE,keywords,Banner,"<div class=""padding-top-small""> <div class=""bold"">BEST MATCH</div> <a class=""text-large text-hyperlink bold"" href=""https://www.verizon.com/ForYourHome/VZRepair/vziha/Servicecad.aspx?ihaweb=FIX_SETUPWIFI&amp;incid=srch_res_support_wifi&amp;RichTextMedia=yes"" tabindex=""0"">Manage Wi-Fi Settings</a>  <div>Use the Verizon Troubleshooter to manage your Wi-Fi settings.</div> </div>",fe0ecefd-3aba-4be8-bbbd-d931045957fb,rules-global,,
banner,Banner,"career,careers,job",,approved,Residential,,e5bf0dc1-803d-4896-84c5-a5c6a310ae63,2018-05-25T19:04:35.490Z,,1,All - Carrer,,,FALSE,,rule,"16\,014\,639\,916\,625\,400\,000\,000\,000\,000\,000\,000\,000",2018-05-25T18:56:47.610Z,1.60E+18,TRUE,text,Banner,"<div class=""padding-top-small""> <div class=""bold"">BEST MATCH</div> <a class=""text-large text-hyperlink bold"" href=""http://www.verizon.com/home/searchtrk/?incid=srch_careers&amp;RichTextMedia=yes&amp;dest=http%3A%2F%2Fwww.verizon.com%2Fabout%2Fcareers"" tabindex=""0"">Careers at Verizon</a>  <div>With a career at Verizon\, you wake up to your dream job. Every day.</div> </div>",e5bf0dc1-803d-4896-84c5-a5c6a310ae63,rules-global,,
banner,Banner,"billing statements,past bills,statement",,approved,Residential,,1e6ede33-fd74-4e51-b2ae-f4c0cfafb30e,2018-04-19T20:18:10.950Z,,1,Residential View Copies of Billing Statements,,,FALSE,Residential View Copies of Billing Statements,rule,"15\,982\,071\,302\,093\,500\,000\,000\,000\,000\,000\,000\,000",2018-04-19T20:09:18.190Z,1.60E+18,TRUE,keywords,Banner,"<div class=""padding-top-small""> <div class=""bold"">BEST MATCH</div> <a class=""text-large text-hyperlink bold"" href=""https://www.verizon.com/support/residential/phone/homephone/billing/viewing+your+bill/using+your+online+bill/95674.htm%3Fincid%3Dsrch_viewbillStatement%26RichTextMedia%3Dyes"" tabindex=""0"">View Billing Statements</a>  <div>You can view your bill online by logging into My Verizon. Up to twelve months of paper bills are available online for viewing\, downloading and printing.</div> </div>",1e6ede33-fd74-4e51-b2ae-f4c0cfafb30e,rules-global,,
banner,Banner,"forward,missed",,approved,,,469eb12f-5873-4ae9-a938-1b8d6c9e302a,2018-11-20T23:00:39.220Z,,1,personalization-ann-callforward,,,FALSE,personalization-ann-callforward,rule,,2018-08-20T15:32:05.820Z,,TRUE,text,Banner,personalization-ann-callforward,,rules-global,,
banner,Banner,"home agent,in-home agent,iha",,approved,Residential,,a0564a42-f542-49bd-8155-98712f4a8d73,2018-04-18T22:22:39.790Z,,1,Residential In Home Agent,,,FALSE,Residential In Home Agent,rule,"15\,981\,243\,641\,270\,100\,000\,000\,000\,000\,000\,000\,000",2018-04-18T22:22:39.790Z,1.60E+18,TRUE,keywords,Banner,"<div class=""padding-top-small""> <div class=""bold"">BEST MATCH</div> <a class=""text-large text-hyperlink bold"" href=""http://www.verizon.com/home/searchtrk/?incid=srch_esp_iha_xprt_lrn&amp;RichTextMedia=yes&amp;dest=https%3A%2F%2Fcare.verizon.net%2Fiha%2FIHAPC.aspx"" name=""&amp;lid= res_fiostvcentral&amp;lpos=promo"" tabindex=""0"">Fios In-Home Agent</a>  <div>Put an expert in your home. Fast and free 24/7 Fios troubleshooting and support.</div> </div>",a0564a42-f542-49bd-8155-98712f4a8d73,rules-global,,
banner,Banner,"techsure,sure,antivirus,virus,security,mcafee,norton",,approved,,,389a51b7-7aba-4af8-a58b-1ffdadbf4439,2019-03-14T03:39:10.390Z,,1,personalization-ann-techsure,,,FALSE,personalization-ann-techsure,rule,,2018-08-20T15:32:05.820Z,,TRUE,text,Banner,personalization-ann-techsure,,rules-global,,
banner,Banner,"battery,bbu,backup",,approved,,,7b4d7b72-93de-4762-8b02-b42f9d2d707f,2018-11-20T07:44:55.220Z,,1,personalization-ann-battery,,,FALSE,personalization-ann-battery,rule,,2018-05-07T15:20:53.750Z,,TRUE,text,Banner,personalization-ann-battery,,rules-global,,
banner,Banner,dvr,,approved,,,a74d5bb1-8a88-4eb4-b4e4-bbee69e96833,2018-11-20T23:20:34.510Z,,1,personalization-ann-dvr,,,FALSE,personalization-ann-dvr,rule,,2018-05-07T15:32:05.820Z,,TRUE,text,Banner,personalization-ann-dvr,,rules-global,,
banner,Banner,"rewards,rewards+,friend referral,refer a friend,points,reward,loyalty",,approved,Residential,,72a098fa-3f45-4e8a-891f-4562f222c386,2018-04-19T18:42:25.880Z,,1,Residential My Rewards+,,,FALSE,Residential My Rewards+,rule,"15\,982\,011\,054\,125\,200\,000\,000\,000\,000\,000\,000\,000",2018-04-19T18:42:25.880Z,1.60E+18,TRUE,keywords,Banner,"<div class=""padding-top-small""> <div class=""bold"">BEST MATCH</div> <a class=""text-large text-hyperlink bold"" href=""http://www.verizon.com/home/MLP/myrewards.html?incid=srch_rewards&amp;RichTextMedia=yes"" name=""&amp;lid=rewards&amp;lpos=promo"" tabindex=""0"">My Rewards+</a>  <div>At Verizon we appreciate great customers like you. So\, to say thank you\, we created My Rewards+*\, the loyalty program that rewards you for the things you do every day.</div> </div>",72a098fa-3f45-4e8a-891f-4562f222c386,rules-global,,
banner,Banner,"return,returning,drop",,approved,,,b6dcced9-646b-410c-8220-d0e59d9354cb,2018-11-20T07:44:41.910Z,,1,personalization-ann-equipmentreturn,,,FALSE,personalization-ann-equipmentreturn,rule,,2018-06-12T16:16:47.490Z,,TRUE,text,Banner,personalization-ann-equipmentreturn,,rules-global,,
banner,Banner,"register account,my account,my verizon registration",,approved,Residential,,682efe00-c19d-4986-af07-dfbb44baf5fe,2018-04-19T18:44:03.210Z,,1,Residential My Verizon Registration,,,FALSE,Residential My Verizon Registration,rule,"15\,982\,012\,068\,108\,600\,000\,000\,000\,000\,000\,000\,000",2018-04-19T18:44:03.210Z,1.60E+18,TRUE,keywords,Banner,"<div class=""padding-top-small""> <div class=""bold"">BEST MATCH</div> <a class=""text-large text-hyperlink bold"" href=""http://www.verizon.com/home/searchtrk/?incid=srch_myvz_247_rgstr&amp;RichTextMedia=yes&amp;dest=https%3A%2F%2Fwww.verizon.com%2Fforyourhome%2Fregistration%2Fngen%2Fregstarted.aspx"" tabindex=""0"">My Verizon</a>  <div>Get 24/7 online access to your account -- pay bills\, make changes to your new and existing services and lots more! Register Today.</div> </div>",682efe00-c19d-4986-af07-dfbb44baf5fe,rules-global,,
banner,Banner,chat,,approved,,,bbc9bc7f-723c-4c28-af0a-3156f886054d,2018-11-19T16:54:30.250Z,,1,answerbox-widget-livechat,,,FALSE,answerbox-widget-livechat,rule,,2018-11-19T16:54:30.250Z,,TRUE,text,Banner,answerbox-widget-livechat,,rules-global,,
banner,Banner,"channel,channels,guide,lineup,listing,listings",,approved,,,88ebab84-a6a1-4d1d-930b-3c9076c99985,2019-03-14T03:39:43.800Z,,1,personalization-ann-tvchannellineup,,,FALSE,personalization-ann-tvchannellineup,rule,,2018-09-10T15:32:05.820Z,,TRUE,text,Banner,personalization-ann-tvchannellineup,,rules-global,,
banner,Banner,"sign In,Signin,login,log in,manage services,account services,verizon account",,approved,,,9ada427e-bed6-43cc-b325-95cbe7ddc4c8,2018-04-19T18:46:02.840Z,,1,Residential My Verizon Sign In,,,FALSE,,rule,"15\,982\,013\,329\,587\,500\,000\,000\,000\,000\,000\,000\,000",2018-04-19T18:46:02.840Z,1.60E+18,TRUE,keywords,Banner,"<div class=""padding-top-small""> <div class=""bold"">BEST MATCH</div> <a class=""text-large text-hyperlink bold"" href=""https://www.verizon.com/home/myverizon/?incid=srch_myvz_signin&amp;RichTextMedia=yes"" tabindex=""0"">Sign In to My Verizon</a>  <div>Pay your bill\, add services\, find movies\, access your entertainment\, check email and so much more.</div> </div>",9ada427e-bed6-43cc-b325-95cbe7ddc4c8,rules-global,,
banner,Banner,"router,modem,gateway,wifi,quantum",,approved,,,8372c21b-e2cd-440d-8799-45bcea72a0c3,2019-03-14T03:35:54.240Z,,1,personalization-ann-router,,,FALSE,personalization-ann-router,rule,,2018-08-20T15:32:05.820Z,,TRUE,text,Banner,personalization-ann-router,,rules-global,,
banner,Banner,"cart,smart cart",,approved,,,6fdcd9f8-d7e9-48bc-9550-964a9d5c2bd3,2019-01-09T19:15:51.820Z,,1,Cart,,,FALSE,cart,rule,,2018-12-08T00:10:05.060Z,,TRUE,keywords,Banner,"<div class=""padding-top-small""> <div class=""bold"">BEST MATCH</div> <a class=""text-large text-hyperlink bold"" href=""https://www.verizon.com/foryourhome/ordering/ordernew/xpsentry.aspx?incid=srch_res_savedcart&RichTextMedia=yes"" tabindex=""0"">My Cart</a>  <div>Looking for your saved cart? Find it here.</div> </div>",,rules-global,,
banner,Banner,"football,nfl",,approved,Residential,,cf4c5b17-9414-4936-a6e2-fcee5f3fcdbb,2018-04-19T18:46:49.410Z,,1,Residential NFL Options,,,FALSE,Residential NFL Options,rule,"15\,982\,013\,811\,859\,100\,000\,000\,000\,000\,000\,000\,000",2018-04-19T18:46:49.410Z,1.60E+18,TRUE,keywords,Banner,"<div class=""padding-top-small""> <div class=""bold"">BEST MATCH</div> <a class=""text-large text-hyperlink bold"" href=""https://www.verizon.com/home/MLP/SPORTSPASS.html?incid=srch_res_nfloption&amp;RichTextMedia=yes"" name=""&amp;lid=res_nfloption&amp;lpos=promo"" tabindex=""0"">Fios TV Sports Pass Featuring NFL RedZone from NFL Network</a>  <div class=""row border-bottom border-grey-5-active large-padding-left-zero medium-padding-left-tiny small-padding-left-tiny tiny-padding-left-micro""> <div class=""column tiny-12 padding-top-small padding-bottom-tiny large-padding-left-zero medium-padding-left-tiny small-padding-left-tiny tiny-padding-left-tiny""> <div class=""text-xlarge text-grey-2 bold"">Please chose an option related to NFL:</div> </div>  <div class=""column tiny-12 large-padding-left-zero medium-padding-left-tiny small-padding-left-tiny tiny-padding-left-tiny""> <ul class=""tiny-block-grid-4 small-block-grid-4 medium-block-grid-5 large-block-grid-5 margin-vert-zero"">  <li class=""padding-left-zero padding-bottom-micro""><a class=""button cta-text normal-weight text-normal"" href=""https://www.verizon.com/info/channel-lineup/?incid=srch_res_nfloption_channellineup&amp;RichTextMedia=yes"" name=""&amp;lid=res_nfloption_channellineup&amp;lpos=promo"" role=""button"" tabindex=""0"">Channel Lineup</a></li>      <li class=""padding-bottom-micro""><a class=""button cta-text normal-weight text-normal"" href=""https://www.verizon.com/home/MLP/SPORTSPASS.html?incid=srch_res_nfloption_sportspass&amp;RichTextMedia=yes"" name=""&amp;lid=res_nfloption_sportspass&amp;lpos=promo"" role=""button"" tabindex=""0"">Fios TV Sports Pass</a></li>     <!--<li class=""padding-bottom-micro""><a class=""button cta-text normal-weight text-normal"" href=""http://www.verizon.com/home/searchtrk/?incid=srch_res_nfloption_nflmobile&amp;RichTextMedia=yes&amp;dest=https%3A%2F%2Fwww.verizonwireless.com%2Fnfl%2Fnfl-mobile%2F"" name=""&amp;lid=res_nfloption_nflmobile&amp;lpos=promo"" role=""button"" tabindex=""0"">NFL Mobile</a></li>//-->    <li class=""padding-bottom-micro""><a class=""button cta-text normal-weight text-normal"" href=""https://www.verizon.com/support/residential/tv/programs-features/sports-channel-blackouts?incid=srch_res_nfloption_blackouts&amp;RichTextMedia=yes"" name=""&amp;lid=res_nfloption_blackouts&amp;lpos=promo"" role=""button"" tabindex=""0"">Sports Blackouts</a></li> </ul> </div> </div> </div>",cf4c5b17-9414-4936-a6e2-fcee5f3fcdbb,rules-global,,
banner,Banner,"payment,arrangement",,approved,,,a68b0d07-b758-4532-9010-8ca5a06bebbe,2018-11-19T16:51:47.740Z,,1,personalization-ann-payarrange,,,FALSE,personalization-ann-payarrange,rule,,2018-09-10T15:32:05.820Z,,TRUE,text,Banner,personalization-ann-payarrange,,rules-global,,
banner,Banner,"nhl,hockey,ice",,approved,,,e4d7adcb-0414-4b64-86cf-e033015bacc2,2019-03-14T03:32:59.710Z,,1,personalization-ann-nhl,,,FALSE,personalization-ann-nhl,rule,,2019-02-19T21:59:23.660Z,,TRUE,text,Banner,personalization-ann-nhl,,rules-global,,
redirect,Redirect,jabra,,approved,,,4af1ff0d-9841-4986-8efa-064575a9b900,2018-12-12T23:32:32.250Z,,1,Redirect: Jabra Elite 65T,https://www.verizon.com/home/searchtrk/?incid=srch_vzw_general&RichTextMedia=yes&dest=https%3A%2F%2Fwww.verizonwireless.com%2Fsearch%2FvzwSearch%3FNtt%3Djabra%26WirelessBan%3Dyes,,FALSE,Jabra Elite 65T,rule,,2018-11-27T14:46:18.320Z,,FALSE,keywords,Redirect,,,rules-global,,
banner,Banner,"optimizer,extender,extend",,approved,,,1758caa1-944a-4a68-90ef-e3798afadf23,2019-03-14T03:40:59.880Z,,1,personalization-ann-wifiextender,,,FALSE,personalization-ann-wifiextender,rule,,2018-09-10T15:32:05.820Z,,TRUE,text,Banner,personalization-ann-wifiextender,,rules-global,,
banner,Banner,"pay per view,PPV,pay-per-view",,approved,Residential,,e5414f2e-3e95-42ce-b5d4-96886a5ce5c2,2018-04-20T20:44:17.300Z,,1,Residential Pay Per View,,,FALSE,Residential Pay Per View,rule,"15\,982\,993\,689\,469\,200\,000\,000\,000\,000\,000\,000\,000",2018-04-19T18:56:00.910Z,1.60E+18,TRUE,keywords,Banner,"<div class=""padding-top-small""> <div class=""bold"">BEST MATCH</div> <a class=""text-large text-hyperlink bold"" href=""https://www.verizon.com/OnDemand/Payperview/Home?incid=srch_res_pay_per_view&amp;RichTextMedia=yes"" tabindex=""0"">Pay Per View</a>  <div>Win by decision. Invite your friends and watch the action on pay per view.</div> </div>",e5414f2e-3e95-42ce-b5d4-96886a5ce5c2,rules-global,,
banner,Banner,"lookup,reverse",,approved,Residential,,6a1cddda-63cb-4e3d-881b-ea98be95d5ce,2018-04-19T20:11:28.510Z,,1,Residential Reverse Number Look Up,,,FALSE,Residential Reverse Number Look Up,rule,"15\,982\,067\,069\,222\,900\,000\,000\,000\,000\,000\,000\,000",2018-04-19T19:01:08.220Z,1.60E+18,TRUE,text,Banner,"<div class=""padding-top-small""> <div class=""bold"">BEST MATCH</div> <a class=""text-large text-hyperlink bold"" href=""https://www.verizon.com/support/consumer/phone/white-pages?incid=srch_res_reverselookup&amp;RichTextMedia=yes"" tabindex=""0"">Reverse Phone Number Lookup and White Pages - Phone Customer Service</a>  <div>Look up information using Verizon White Pages. Information on Reverse Phone Number lookup.</div> </div>",6a1cddda-63cb-4e3d-881b-ea98be95d5ce,rules-global,,
banner,Banner,"sport pass,sportpass,Bien,ESPN,Goal Line,Fox,Longhorn Network,MavTV,Strike Zone,NFL Network,Pursuit,RedZone,TVG,TVG2,willow",,approved,Residential,,538a8c74-c734-40e0-a7cb-b26e33740fe4,2018-04-19T19:06:51.410Z,,1,Residential Sports Pass,,,FALSE,Residential Sports Pass,rule,"15\,982\,026\,429\,825\,000\,000\,000\,000\,000\,000\,000\,000",2018-04-19T19:06:51.410Z,1.60E+18,TRUE,keywords,Banner,"<div class=""padding-top-small""> <div class=""bold"">BEST MATCH</div> <a class=""text-large text-hyperlink bold"" href=""https://www.verizon.com/home/MLP/SPORTSPASS.html?incid=srch_res_sportspass"" name=""&amp;lid=res_sportspass&amp;lpos=promo&amp;RichTextMedia=yes"" tabindex=""0"">Fios TV Sports Pass</a>  <div>Catch a wide range of sports with the ultimate ticket to 15 top channels. Sports Pass delivers these popular networks: Bien Sports\, Bases Loaded\, ESPN Classic\, Goal Line\, ESPN College Extra\, Fox College Sports\, Longhorn Network\, MavTV\, Strike Zone\, NFL Network\, Pursuit\, NFL RedZone\, TVG\, TVG2\, and Willow.</div> </div>",538a8c74-c734-40e0-a7cb-b26e33740fe4,rules-global,,
banner,Banner,"aol,email,e-mail,verizon.net,e mail,emails",,approved,Residential,,98d7efbb-d994-4e24-a9e1-85c919ad35fb,2018-04-19T20:10:27.050Z,,1,Residential Support Email Retirement,,,FALSE,Residential Support Email Retirement,rule,"15\,982\,066\,424\,904\,400\,000\,000\,000\,000\,000\,000\,000",2018-04-19T19:26:38.360Z,1.60E+18,TRUE,text,Banner,"<div class=""padding-top-small""> <div class=""bold"">BEST MATCH</div> <a class=""text-large text-hyperlink bold"" href=""https://www.verizon.com/support/residential/email?incid=srch_res_support_email_mig"" name=""&amp;lid=res_support_email_mig&amp;lpos=promo&amp;RichTextMedia=yes"" tabindex=""0"">Verizon Email Retirement</a>  <div>Verizon has retired our email service. Access your AOL or Yahoo email\, or learn more here.</div> </div>",98d7efbb-d994-4e24-a9e1-85c919ad35fb,rules-global,,
banner,Banner,"wifi password,wi-fi password",,approved,,,605c20db-8f76-4889-8171-d7f95b584ec3,2018-12-04T20:00:06.160Z,,1,WIFI Password,,,FALSE,,rule,,2018-04-18T16:37:09.500Z,,TRUE,keywords,Banner,"<div class=""padding-top-small""> <a class=""text-large text-hyperlink bold"" href=""https://www.verizon.com/ForYourHome/VZRepair/vziha/Servicecad.aspx?ihaweb=FIX_SETUPWIFI&amp;incid=srch_res_support_wifi&amp;RichTextMedia=yes"" tabindex=""0"">Manage Wi-Fi Settings</a>  <div>Use the Verizon Troubleshooter to manage your Wi-Fi settings.</div> </div>",,rules-global,,
banner,Banner,"job,carrer,carrers,jobs",,approved,,,2face0a0-6e1d-42e6-ae3e-062417dee701,2018-05-30T03:14:29.800Z,,1,Careers,,,FALSE,Careers,rule,"16\,018\,571\,998\,464\,500\,000\,000\,000\,000\,000\,000\,000",2018-04-18T17:41:21.050Z,1.60E+18,TRUE,keywords,Banner,"<div class=""padding-top-small""> <a class=""text-large text-hyperlink bold"" href=""http://www.verizon.com/home/searchtrk/?incid=srch_careers&amp;RichTextMedia=yes&amp;dest=http%3A%2F%2Fwww.verizon.com%2Fabout%2Fcareers"" tabindex=""0"">Careers at Verizon</a>  <div>With a career at Verizon\, you wake up to your dream job. Every day.</div> </div>",2face0a0-6e1d-42e6-ae3e-062417dee701,rules-global,,
banner,Banner,forward,,approved,Residential,,6767f7a7-b576-4261-8b45-13e1b61b29df,2018-04-18T22:05:23.230Z,,1,Residential Call Forwarding,,,FALSE,Residential Call Forwarding,rule,"15\,981\,232\,766\,530\,300\,000\,000\,000\,000\,000\,000\,000",2018-04-18T22:05:23.230Z,1.60E+18,TRUE,text,Banner,"<div class=""padding-top-small""> <div class=""bold"">BEST MATCH</div> <a class=""text-large text-hyperlink bold"" href=""http://www.verizon.com/Support/Residential/Phone/Homephone/Calling+Features/Call+Forwarding/Questions+and+Answers/96564.htm?incid=srch_callfwd&amp;RichTextMedia=yes"" name=""&amp;lid=callfwd&amp;lpos=promo"" tabindex=""0"">Call Forwarding</a>  <div>Steps to get your phone service accessible anywhere you go.</div> </div>",6767f7a7-b576-4261-8b45-13e1b61b29df,rules-global,,
banner,Banner,bhr,,approved,Residential,,d10e1195-20db-444c-8317-8ca1104d022f,2018-04-18T17:47:12.790Z,,1,Residential BHR Repair,,,FALSE,,rule,"15\,981\,070\,353\,893\,900\,000\,000\,000\,000\,000\,000\,000",2018-04-18T17:47:12.790Z,1.60E+18,TRUE,keywords,Banner,"<div class=""padding-top-small""> <div class=""bold"">BEST MATCH</div> <a class=""text-large text-hyperlink bold"" href=""https://www.verizon.com/ForYourHome/VZRepair/vziha/Servicecad.aspx?ihaweb=FIX_CPE&amp;incid=srch_res_bhr&amp;RichTextMedia=yes"" name=""&amp;lid=res_bhr&amp;lpos=promo&amp;RichTextMedia=yes"" tabindex=""0"">Verizon Router Troubleshooting</a>  <div>Use our easy online tools to troubleshoot technical glitches.</div> </div>",d10e1195-20db-444c-8317-8ca1104d022f,rules-global,,
banner,Banner,"facebook,social media,FB,face book",,approved,Residential,,9f2a0c2c-2579-4d8a-a410-8cc8ae1c376d,2018-04-18T22:11:00.760Z,,1,Residential Fios Facebook,,,FALSE,Residential Fios Facebook,rule,"15\,981\,236\,309\,930\,800\,000\,000\,000\,000\,000\,000\,000",2018-04-18T22:11:00.760Z,1.60E+18,TRUE,text,Banner,"<div class=""padding-top-small""> <div class=""bold"">BEST MATCH</div> <a class=""text-large text-hyperlink bold"" href=""http://www.verizon.com/home/searchtrk/?incid=srch_res_facebook&amp;RichTextMedia=yes&amp;dest=https%3A%2F%2Fwww.facebook.com%2FVerizonFiOS"" name=""&amp;lid=res_facebook&amp;lpos=promo"" tabindex=""0"" target=""_blank"">Join our Fios Facebook page</a>  <div>Be a part of our ever-growing community of Verizon Fios.</div> </div>",9f2a0c2c-2579-4d8a-a410-8cc8ae1c376d,rules-global,,
banner,Banner,"internet,fios internet,internet service,broadband,fiber optic,verizon fios,high speed internet,ISP,internet access,internet products,internet deals",,approved,Residential,,1953d760-d436-46d5-b768-ad7e444a0413,2018-04-18T22:13:39.900Z,,1,Residential Fios Internet,,,FALSE,Residential Fios Internet,rule,"15\,981\,237\,990\,326\,200\,000\,000\,000\,000\,000\,000\,000",2018-04-18T22:13:39.900Z,1.60E+18,TRUE,keywords,Banner,"<div class=""padding-top-small""> <div class=""bold"">BEST MATCH</div> <a class=""text-large text-hyperlink bold"" href=""http://www.verizon.com/home/fios-fastest-internet/?incid=srch_res_fiosdataspeed_lrn&amp;RichTextMedia=yes"" name=""&amp;lid=res_fiosdataspeed&amp;lpos=promo"" tabindex=""0"">Fios High Speed Fiber-Optic Home Internet Services Provider</a>  <div>Experience Verizon&#39;s 100% fiber optic Fios Internet service. Try our speed test and find out why Verizon is America&#39;s #1 Internet Service Provider!</div> </div>",1953d760-d436-46d5-b768-ad7e444a0413,rules-global,,
banner,Banner,"technician,dispatch,shipment tracking,tech arrival,ticket",,approved,Residential,,adb0f5de-86d2-42ec-9258-4b136edb786b,2018-04-19T19:57:21.770Z,,1,Residential Support Trouble Ticket Flow,,,FALSE,Residential Support Trouble Ticket Flow,rule,"15\,982\,058\,212\,457\,100\,000\,000\,000\,000\,000\,000\,000",2018-04-19T19:53:31.650Z,1.60E+18,TRUE,keywords,Banner,"<div class=""padding-top-small""> <div class=""bold"">BEST MATCH</div> <a class=""text-large text-hyperlink bold"" href=""https://www.verizon.com/ForYourHome/VzRepair/VzIHA/Servicecad.aspx?ihaweb=Web_TroubleTicket&amp;incid=srch_res_support_trbltix&amp;RichTextMedia=yes"" tabindex=""0"">Verizon Ticket Status</a>  <div>Check your Verizon trouble ticket status here.</div> </div>",adb0f5de-86d2-42ec-9258-4b136edb786b,rules-global,,
banner,Banner,"battery beeping,battery backup,bbu,replace battery,battery replacement",,approved,Residential,,cb21f77f-238c-4092-8606-285b5b432201,2018-04-19T19:28:47.690Z,,1,Residential Support Fix Battery Issues,,,FALSE,Residential Support Fix Battery Issues,rule,"15\,982\,040\,216\,680\,500\,000\,000\,000\,000\,000\,000\,000",2018-04-19T19:28:47.690Z,1.60E+18,TRUE,keywords,Banner,"<div class=""padding-top-small""> <div class=""bold"">BEST MATCH</div> <a class=""text-large text-hyperlink bold"" href=""https://www.verizon.com/ForYourHome/VZRepair/vziha/Servicecad.aspx?ihaweb=FIX_BATT&amp;incid=srch_res_support_fix_battery&amp;RichTextMedia=yes"" tabindex=""0"">Battery Beeping Problems - Fios Customer Service</a>  <div>Fix or replace a Fios battery with the Verizon Troubleshooter.</div> </div>",cb21f77f-238c-4092-8606-285b5b432201,rules-global,,
banner,Banner,"DVR not working,DVR issue,remote control issue,remote issue,STB issue,Set top box issue,remote control support,remote problem,remote not working,remote issue,set top box not working",,approved,Residential,,35b0171c-23cb-41a6-9bbc-6fe45713cd2b,2018-04-19T19:25:39.970Z,,1,Residential Support DVR STB Remote,,,FALSE,Residential Support DVR STB Remote,rule,"15\,982\,038\,252\,110\,400\,000\,000\,000\,000\,000\,000\,000",2018-04-19T19:11:55Z,1.60E+18,TRUE,keywords,Banner,"<div class=""padding-top-small""> <div class=""bold"">BEST MATCH</div> <a class=""text-large text-hyperlink bold"" href=""https://www.verizon.com/ForYourHome/VZRepair/vziha/Servicecad.aspx?ihaweb=FIX_STBREMOTE&amp;incid=srch_res_support_dvrstbremote&amp;RichTextMedia=yes"" tabindex=""0"">Fix DVR\, Set Top Box\, Remote Control</a>  <div>Fix DVR\, set top box and remote control issues with the Verizon Troubleshooter.</div> </div>",35b0171c-23cb-41a6-9bbc-6fe45713cd2b,rules-global,,
banner,Banner,"voice mail,voicemail",,approved,Residential,,3f3eb158-bd98-44cc-9007-7e8d5abfbfd4,2018-04-19T20:10:08.080Z,,1,Residential Support Voice Mail,,,FALSE,Residential Support Voice Mail,rule,"15\,982\,066\,243\,710\,400\,000\,000\,000\,000\,000\,000\,000",2018-04-19T20:00:54.570Z,1.60E+18,TRUE,keywords,Banner,"<div class=""padding-top-small""> <div class=""bold"">BEST MATCH</div> <a class=""text-large text-hyperlink bold"" href=""https://www.verizon.com/support/residential/homephone/calling-features/voicemail?incid=srch_res_support_voicemail&amp;RichTextMedia=yes"" tabindex=""0"">Voice Mail User Guides and Access Numbers - Phone Customer Service</a>  <div>Looking for user guides for Verizon home and OnePoint voicemail? Check Here</div> </div>",3f3eb158-bd98-44cc-9007-7e8d5abfbfd4,rules-global,,
banner,Banner,"fast fios,fastest internet,fast internet,upgrade quantum,quantum",,approved,Residential,,8ceab92f-b227-420b-8e9f-37c520308136,2018-04-18T22:16:48.280Z,,1,Residential Fios Quantum,,,FALSE,Residential Fios Quantum,rule,"15\,981\,239\,950\,775\,400\,000\,000\,000\,000\,000\,000\,000",2018-04-18T22:16:48.280Z,1.60E+18,TRUE,keywords,Banner,"<div class=""padding-top-small""> <div class=""bold"">BEST MATCH</div> <a class=""text-large text-hyperlink bold"" href=""http://www.verizon.com/home/fios-fastest-internet/?incid=srch_quantum&amp;RichTextMedia=yes"" name=""&amp;lid=quantum&amp;lpos=promo"" tabindex=""0"">Upgrade to Fios Quantum</a>  <div>Get more done in record time. Only with Fios Quantum<sup>SM</sup> Internet.<br /> Untouchable speed and proven reliability - that&#39;s the power of 100% fiber optics.</div> </div>",8ceab92f-b227-420b-8e9f-37c520308136,rules-global,,
banner,Banner,"slow,speedupgrade,speed,gigabit,gigabyte",,approved,,,99fff687-cbb0-44fd-8804-7c0abe54b1c6,2019-03-14T03:37:38.310Z,,1,personalization-ann-speedupgrade,,,FALSE,personalization-ann-speedupgrade,rule,,2018-05-04T21:01:04.760Z,,FALSE,text,Banner,personalization-ann-speedupgrade,,rules-global,,
banner,Banner,"renew,renewal,contract",,approved,,,65d25fad-f537-44c0-b8b6-1cb091286555,2018-05-08T16:21:52.390Z,,1,personalization-ann-renewals,,,FALSE,personalization-ann-renewals,rule,1.60E+37,2018-05-07T15:32:05.820Z,1.60E+18,TRUE,text,Banner,personalization-ann-renewals,,rules-global,,
banner,Banner,"black bars,picture pixel,tv black screen,fuzzy pictures,no picture,distorted picture",,approved,Residential,,a1827eb0-4121-43a1-be45-693c8435a0af,2018-04-19T19:51:57.340Z,,1,Residential Support Fix TV Picture Quality Issues,,,FALSE,Residential Support Fix TV Picture Quality Issues,rule,"15\,982\,054\,794\,288\,100\,000\,000\,000\,000\,000\,000\,000",2018-04-19T19:51:57.340Z,1.60E+18,TRUE,keywords,Banner,"<div class=""padding-top-small""> <div class=""bold"">BEST MATCH</div> <a class=""text-large text-hyperlink bold"" href=""https://www.verizon.com/ForYourHome/VZRepair/vziha/Servicecad.aspx?ihaweb=FIX_PIC&amp;incid=srch_res_support_fix_tv_pic&amp;RichTextMedia=yes"" tabindex=""0"">Fix TV Picture Problems - Fios TV Customer Service</a>  <div>Fix Fios TV picture problems with the Verizon Troubleshooter.</div> </div>",a1827eb0-4121-43a1-be45-693c8435a0af,rules-global,,
banner,Banner,"tv issues,tv outage,tv picture problems,tv out,all channels out,ACO",,approved,Residential,,be7e5928-ad1e-4372-9e61-93634da21df7,2018-04-19T20:05:51.640Z,,1,Residential TV Outage,,,FALSE,Residential TV Outage,rule,"15\,982\,063\,658\,666\,500\,000\,000\,000\,000\,000\,000\,000",2018-04-19T20:05:51.640Z,1.60E+18,TRUE,keywords,Banner,"<div class=""padding-top-small""> <div class=""bold"">BEST MATCH</div> <a class=""text-large text-hyperlink bold"" href=""https://www.verizon.com/ForYourHome/VZRepair/vziha/Servicecad.aspx?ihaweb=FIX_ACO&amp;incid=srch_res_tvoutage&amp;RichTextMedia=yes"" tabindex=""0"">Having trouble with your TV channels and/or picture?</a>  <div>Use the Verizon troubleshooter to guide you through the steps to resolve your TV issues.</div> </div>",be7e5928-ad1e-4372-9e61-93634da21df7,rules-global,,
banner,Banner,"prepaid,pre-paid,pre paid,card balance",,approved,Residential,,820ac80b-253b-4152-800d-05d3ccd0da9f,2018-04-19T20:19:04.180Z,,1,Residential Visa Prepaid Card,,,FALSE,Residential Visa Prepaid Card,rule,"15\,982\,071\,852\,270\,800\,000\,000\,000\,000\,000\,000\,000",2018-04-19T20:19:04.180Z,1.60E+18,TRUE,keywords,Banner,"<div class=""padding-top-small""> <div class=""bold"">BEST MATCH</div> <a class=""text-large text-hyperlink bold"" href=""http://www.verizon.com/Support/Residential/Generic/General/Prepaid-Card.htm?incid=srch_res_visacard&amp;RichTextMedia=yes"" tabindex=""0"">Visa Prepaid Card - Fios Service Installation FAQs</a>  <div>Questions about Verizon&rsquo;s Prepaid Card offer? Find the answer in this list of FAQs regarding the Verizon Visa Prepaid Card for Fios Service installation.</div> </div>",820ac80b-253b-4152-800d-05d3ccd0da9f,rules-global,,
banner,Banner,"email,e-mail,E-mail,aol,myemail",,approved,,,056b88ba-237e-479c-b773-9c62d85528a5,2019-03-14T03:29:51Z,,1,personalization-ann-email,,,FALSE,personalization-ann-email,rule,,2018-05-03T15:59:02.620Z,,TRUE,text,Banner,personalization-ann-email,,rules-global,,
banner,Banner,"cancel,canceling,cancellation,close,disconnect,discontinue,termination,end,stop,terminate",,approved,,,17c0b9fd-fb6b-4488-aaf8-a936c553c699,2018-05-08T16:21:52.390Z,,1,personalization-ann-cancel,,,FALSE,personalization-ann-cancel,rule,1.60E+37,2018-05-07T15:32:05.820Z,1.60E+18,TRUE,text,Banner,personalization-ann-cancel,,rules-global,,
set_params,Set Params,"cant,cannot,help,call,down,cancellation,problem,support,troubleshooting,not,repair,order,status,broken,disconnect,fix,issue,cannot,outage,repair,maintenance,cant,can't,static,trouble,complaint,reset,problem,discontinue,complaint,speed,slow,block,forwarding,setup,stop,voicemail,repair,change,password,why,terminate,block,issue,problem,program,won't,doesn't,install,configure,change,reset,beeping",,approved,,bq,4965d3e1-83fa-4950-9d9a-f3644fa9afce,2019-04-04T04:03:14.240Z,"subCategory_s:(""Support"")^100",1,Support - Boost,,,FALSE,,rule,,2018-05-15T04:07:38.400Z,,TRUE,text,Set Params,,,rules-global,,append
banner,Banner,"how to access voicemail,voice mail access number,how to setup voicemail,how to setup voice mail,set up voicemail,set up voice mail,turn off voicemail,access voicemail,voicemail access number,set up voicemail,turnoff voicemail,voice mail,voice mail settings,voicemail,access voicemail number",,approved,,,7b1ef462-fc0e-4e35-a785-e5a6d6ad0330,2018-11-19T17:21:55.200Z,,1,personalization-ann-voicemail,,,FALSE,personalization-ann-voicemail,rule,,2018-08-20T15:32:05.820Z,,TRUE,keywords,Banner,personalization-ann-voicemail,,rules-global,,
banner,Banner,"speed,slow,speedtest,test,gigabit,gigabyte",,approved,,,d79d5fa0-60a2-49b4-b767-6da22c1fbd5e,2019-03-14T03:36:28.950Z,,1,personalization-ann-speedtest,,,FALSE,personalization-ann-speedtest,rule,,2018-08-20T15:32:05.820Z,,TRUE,text,Banner,personalization-ann-speedtest,,rules-global,,
banner,Banner,"nfl,redzone,zone",,approved,,,f16f307f-14f0-4ec0-9f93-dd90b23deec7,2018-11-20T23:02:17.340Z,,1,personalization-ann-nfl,,,FALSE,personalization-ann-nfl,rule,,2018-09-10T15:32:05.820Z,,TRUE,text,Banner,personalization-ann-nfl,,rules-global,,
banner,Banner,"sports,sportspass,mlb,league",,approved,,,aec40795-d883-4bdc-8e81-5a204892cfd5,2019-03-14T03:38:07.510Z,,1,personalization-ann-sportspass,,,FALSE,personalization-ann-sportspass,rule,,2018-09-10T15:32:05.820Z,,TRUE,text,Banner,personalization-ann-sportspass,,rules-global,,
banner,Banner,"STARZ,showtime,Epix,Encore,premium,preview,hbo,thrones,billions,shameless,homeland",,approved,,,1c06b56c-2eea-4c33-9bc1-1e6d945a7af3,2019-04-15T21:54:47.360Z,,1,personalization-ann-premiumchannels,,,FALSE,personalization-ann-premiumchannels,rule,,2018-09-10T15:32:05.820Z,,TRUE,text,Banner,personalization-ann-premiumchannels,,rules-global,,
banner,Banner,"payment locations,payment location,pay in person,pay bill in person,payment centers,pay cash,cash only,cash only customers,barcode,pay near me,pay in cash",,approved,,,7c12ead6-cd52-4034-bd9b-df69f10cd08d,2019-03-27T20:06:52.440Z,,1,personalization-ann-paynearme,,,FALSE,personalization-ann-paynearme,rule,,2018-12-05T06:03:02.790Z,,TRUE,keywords,Banner,personalization-ann-paynearme,,rules-global,,
banner,Banner,"stream,streaming,watch,app",,approved,,,5977b2e6-8600-4204-a310-25cd8604d24b,2019-03-14T03:30:17.460Z,,1,personalization-ann-fiostvapp,,,FALSE,personalization-ann-fiostvapp,rule,,2019-02-15T19:54:38.730Z,,TRUE,text,Banner,personalization-ann-fiostvapp,,rules-global,,
banner,Banner,"sign out,log out,signout,logout",,approved,,,fd74f620-08da-4f54-9757-4871e93c4d72,2019-03-08T05:18:15.070Z,,1,answerbox-widget-signout,,,FALSE,answerbox-widget-signout,rule,,2019-03-08T05:18:15.070Z,,TRUE,keywords,Banner,answerbox-widget-signout,,rules-global,,
banner,Banner,"iphone,phone",,approved,,,f53e18b2-1004-420d-8b52-daa783a9f700,2019-09-19T09:17:29.160Z,,1,Wireless - Iphone,,,FALSE,,rule,,2019-09-11T17:13:02.890Z,,FALSE,text,Banner,"<div class=""padding-top-small""> <div class=""bold"">BEST MATCH</div> <a class=""text-large text-hyperlink bold"" href=""https://search.verizonwireless.com/onesearch/search/?q=iphone"" name=""&amp;lid=res_iphone&amp;lpos=promo"" tabindex=""0"" target=""_blank"">New iPhone 11\, iPhone 11 Pro\, iPhone 11 Pro Max</a> <div>Preorder the New Apple iPhone 11\, iPhone 11 Pro\, iPhone 11 Pro Max</div> </div>",,rules-global,,